,City,Lat,Long,Max temp,Humidity,Wind Speed,Cloudiness,Country,Date
0,nikolskoye,59.7035,30.7861,45.0,70,8.95,0,RU,1616604505
1,port alfred,-33.5906,26.891,71.62,72,19.6,100,ZA,1616604456
2,grand gaube,-20.0064,57.6608,80.01,82,5.57,69,MU,1616604812
3,ushuaia,-54.8,-68.3,42.8,81,42.57,75,AR,1616604488
4,bluff,-46.6,168.3333,46.99,95,3.0,14,NZ,1616604735
5,kapit,2.0167,112.9333,73.45,99,1.77,99,MY,1616604816
6,atuona,-9.8,-139.0333,80.62,70,18.3,100,PF,1616604520
7,port elizabeth,-33.918,25.5701,69.8,78,14.97,20,ZA,1616604772
8,jinka,5.65,36.65,73.26,24,1.12,28,ET,1616604820
9,los llanos de aridane,28.6585,-17.9182,69.8,73,11.5,20,ES,1616604821
10,noshiro,40.2039,140.0242,44.89,78,5.26,100,JP,1616604822
11,vila praia de ancora,41.811,-8.8526,59.0,58,10.36,20,PT,1616604824
12,constitucion,-35.3333,-72.4167,64.58,64,16.4,70,CL,1616604825
13,eureka,40.8021,-124.1637,48.0,93,7.45,40,US,1616604826
14,albany,42.6001,-73.9662,53.01,70,3.0,100,US,1616604438
15,yar-sale,66.8333,70.8333,2.44,99,8.16,33,RU,1616604829
16,sitka,57.0531,-135.33,39.2,81,20.71,90,US,1616604569
17,inuvik,68.3499,-133.7218,-0.4,65,5.75,98,CA,1616604746
18,pevek,69.7008,170.3133,-16.62,95,9.48,100,RU,1616604583
19,brigantine,39.4101,-74.3646,57.99,88,10.36,90,US,1616604833
20,avarua,-21.2078,-159.775,80.6,89,9.22,40,CK,1616604497
21,rikitea,-23.1203,-134.9692,78.94,68,13.91,9,PF,1616604459
22,new norfolk,-42.7826,147.0587,62.01,78,3.8,100,AU,1616604650
23,hobart,-42.8794,147.3294,62.01,94,13.8,40,AU,1616604317
24,manado,1.487,124.8455,77.0,94,2.3,20,ID,1616604839
25,inirida,3.8653,-67.9239,84.22,65,0.94,86,CO,1616604840
26,tukrah,32.5341,20.5791,55.54,60,20.15,100,LY,1616604842
27,hithadhoo,-0.6,73.0833,83.71,70,11.12,81,MV,1616604558
28,olocuilta,13.5697,-89.1172,89.6,48,8.05,40,SV,1616604844
29,sri aman,1.2376,111.4621,77.0,94,1.41,100,MY,1616604846
30,ribeira grande,38.5167,-28.7,62.6,55,10.36,20,PT,1616604416
31,yellowknife,62.456,-114.3525,-4.0,59,11.5,1,CA,1616604556
32,narsaq,60.9167,-46.05,23.0,42,2.3,75,GL,1616604849
33,novoagansk,61.9449,76.6625,22.32,95,8.23,99,RU,1616604851
34,east london,-33.0153,27.9116,69.8,78,10.36,75,ZA,1616604652
35,qaanaaq,77.484,-69.3632,-17.3,59,3.74,64,GL,1616604744
36,arraial do cabo,-22.9661,-42.0278,91.4,58,12.66,0,BR,1616604555
37,hermanus,-34.4187,19.2345,73.0,73,7.0,0,ZA,1616604565
38,busselton,-33.65,115.3333,51.01,93,8.68,48,AU,1616604442
39,peniche,39.3558,-9.3811,59.0,61,15.01,37,PT,1616604665
40,bredasdorp,-34.5322,20.0403,71.6,68,17.27,46,ZA,1616604637
41,jamestown,42.097,-79.2353,62.01,77,16.02,75,US,1616604306
42,lebu,-37.6167,-73.65,58.98,63,17.74,12,CL,1616604587
43,xam nua,20.4197,104.0439,59.72,97,3.29,31,LA,1616604862
44,sao filipe,14.8961,-24.4956,72.75,71,15.68,0,CV,1616604863
45,tuktoyaktuk,69.4541,-133.0374,-11.2,77,8.05,40,CA,1616604529
46,kavieng,-2.5744,150.7967,79.05,85,13.22,100,PG,1616604431
47,provideniya,64.3833,-173.3,2.93,99,7.11,96,RU,1616604867
48,adrar,20.5022,-10.0711,92.3,8,10.2,3,MR,1616604869
49,springfield,37.2153,-93.2982,52.0,76,7.0,73,US,1616604870
50,punta arenas,-53.15,-70.9167,48.2,61,32.21,40,CL,1616604366
51,mataura,-46.1927,168.8643,46.99,95,1.99,62,NZ,1616604435
52,saint-philippe,-21.3585,55.7679,80.6,78,2.3,0,RE,1616604653
53,alihe,50.5667,123.7167,22.05,96,0.74,66,CN,1616604875
54,gamba,-2.65,10.0,76.55,87,12.37,98,GA,1616604856
55,champerico,14.3,-91.9167,82.4,78,4.61,75,GT,1616604630
56,miri,4.4148,114.0089,78.8,94,3.44,40,MY,1616604878
57,talnakh,69.4865,88.3972,14.63,92,10.25,100,RU,1616604880
58,airai,-8.9266,125.4092,60.33,94,1.05,79,TL,1616604881
59,sur,22.5667,59.5289,78.19,62,14.38,0,OM,1616604451
60,atar,20.5169,-13.0499,98.17,8,6.46,7,MR,1616604383
61,canutama,-6.5339,-64.3831,80.33,78,3.94,97,BR,1616604847
62,manono,-7.3,27.4167,77.47,73,5.1,59,CD,1616604886
63,clyde river,70.4692,-68.5914,-9.4,77,21.85,75,CA,1616604632
64,grindavik,63.8424,-22.4338,35.6,80,24.16,75,IS,1616604888
65,mayo,38.8876,-76.5119,57.0,100,3.44,90,US,1616604890
66,meulaboh,4.1363,96.1285,74.23,92,4.88,100,ID,1616604891
67,sierra vista,31.5545,-110.3037,46.99,65,17.27,75,US,1616604833
68,vaini,-21.2,-175.2,75.2,94,5.75,90,TO,1616604765
69,tashtyp,52.7939,89.8983,27.27,78,16.89,92,RU,1616604895
70,avera,33.194,-82.5271,69.8,78,3.44,90,US,1616604459
71,okato,-39.2,173.8833,52.0,78,5.99,3,NZ,1616604608
72,tabory,58.5198,64.5495,28.24,94,10.36,100,RU,1616604898
73,hilo,19.7297,-155.09,68.0,83,4.61,90,US,1616604417
74,chokurdakh,70.6333,147.9167,-20.92,99,6.6,100,RU,1616604659
75,bengkulu,-3.8004,102.2655,76.59,86,4.9,100,ID,1616604902
76,chapais,49.7834,-74.8492,42.8,42,11.5,20,CA,1616604904
77,carnarvon,-24.8667,113.6333,75.2,69,16.11,12,AU,1616604905
78,geraldton,-28.7667,114.6,64.4,63,11.5,0,AU,1616604580
79,padang,-0.9492,100.3543,77.0,94,3.44,75,ID,1616604908
80,cape town,-33.9258,18.4232,75.99,64,11.5,0,ZA,1616604229
81,muros,42.7762,-9.0603,63.0,52,8.1,95,ES,1616604910
82,upernavik,72.7868,-56.1549,-13.2,86,3.65,100,GL,1616604912
83,ketchikan,55.3422,-131.6461,39.2,100,4.61,90,US,1616604913
84,ibipeba,-11.6408,-42.0111,91.78,23,10.27,2,BR,1616604914
85,puerto ayora,-0.7393,-90.3518,82.99,94,4.61,75,EC,1616604527
86,yulara,-25.2406,130.9889,71.6,56,8.05,2,AU,1616604917
87,kodiak,57.79,-152.4072,37.4,52,3.44,20,US,1616604759
88,buraydah,26.326,43.975,91.4,21,6.91,0,SA,1616604919
89,makakilo city,21.3469,-158.0858,75.2,78,13.8,75,US,1616604921
90,ancud,-41.8697,-73.8203,57.2,51,16.11,40,CL,1616604922
91,iqaluit,63.7506,-68.5145,-16.01,58,5.75,40,CA,1616604769
92,coihaique,-45.5752,-72.0662,55.4,47,6.91,20,CL,1616604924
93,kudahuvadhoo,2.6708,72.8944,81.01,75,3.94,100,MV,1616604647
94,khatanga,71.9667,102.5,-3.62,91,5.32,100,RU,1616604644
95,leningradskiy,69.3833,178.4167,-5.13,97,11.18,100,RU,1616604497
96,silifke,36.3778,33.9344,54.82,63,18.14,49,TR,1616604929
97,salmas,38.1973,44.7653,53.6,47,9.22,20,IR,1616604918
98,shizunai,42.3339,142.3669,38.44,97,6.98,99,JP,1616604932
99,kalmunai,7.4167,81.8167,79.77,82,5.82,82,LK,1616604933
100,aklavik,68.2191,-135.0107,-0.4,65,5.75,100,CA,1616604934
101,vao,-22.6667,167.4833,75.63,66,13.78,58,NC,1616604936
102,saskylakh,71.9167,114.0833,-10.46,91,6.93,100,RU,1616604937
103,vologda,59.2187,39.8886,34.56,98,12.08,100,RU,1616604905
104,victoria,22.2855,114.1577,71.01,76,2.53,0,HK,1616604675
105,rush,53.5223,-6.0931,54.0,62,13.8,75,IE,1616604940
106,namatanai,-3.6667,152.4333,78.82,82,3.36,100,PG,1616604942
107,lianran,24.9227,102.485,59.0,58,11.18,0,CN,1616604943
108,yabrud,33.9674,36.6574,50.0,62,29.93,75,SY,1616604944
109,zhigansk,66.7697,123.3711,-28.12,100,1.95,53,RU,1616604946
110,conway,35.0887,-92.4421,64.4,52,4.97,1,US,1616604947
111,ponta do sol,32.6667,-17.1,64.4,72,13.8,40,PT,1616604585
112,mao,39.8885,4.2658,59.0,77,5.75,20,ES,1616604950
113,ornskoldsvik,63.2909,18.7153,48.2,40,13.8,78,SE,1616604951
114,kaitangata,-46.2817,169.8464,50.45,92,4.38,89,NZ,1616604447
115,santona,43.4439,-3.4576,55.4,82,6.91,75,ES,1616604954
116,warren,39.4334,-84.1666,68.0,68,12.66,40,US,1616604938
117,vagur,61.4732,-6.8119,43.02,70,14.99,97,FO,1616604956
118,bambous virieux,-20.3428,57.7575,80.01,89,3.44,40,MU,1616604957
119,tiksi,71.6872,128.8694,-26.37,99,4.68,98,RU,1616604959
120,zaterechnyy,44.7931,45.2097,39.29,90,20.31,100,RU,1616604960
121,lebyazhye,55.2689,66.4947,27.84,92,13.8,88,RU,1616604961
122,kamaishi,39.2667,141.8833,47.62,85,4.99,99,JP,1616604963
123,nome,64.5011,-165.4064,28.4,86,18.41,90,US,1616604964
124,ilulissat,69.2167,-51.1,-4.0,71,11.5,75,GL,1616604966
125,kibala,9.1104,18.3463,93.58,31,1.25,78,TD,1616604967
126,saldanha,-33.0117,17.9442,87.8,29,10.36,16,ZA,1616604455
127,noyabrsk,63.1994,75.4507,12.99,96,8.28,83,RU,1616604969
128,oxapampa,-10.5775,-75.4017,63.45,87,1.01,97,PE,1616604740
129,murray bridge,-35.1167,139.2667,57.0,87,4.0,40,AU,1616604972
130,moron,-34.6534,-58.6198,81.0,61,5.99,2,AR,1616604973
131,sakakah,29.9697,40.2064,73.4,28,11.5,5,SA,1616604974
132,marzuq,14.4,46.4667,70.93,24,8.23,5,YE,1616604976
133,keuruu,62.2667,24.7,39.2,81,9.22,90,FI,1616604977
134,mahebourg,-20.4081,57.7,78.8,89,3.44,40,MU,1616604379
135,shakhtinsk,49.71,72.5872,15.8,86,8.95,0,KZ,1616604980
136,norman wells,65.282,-126.8329,-4.0,77,4.61,75,CA,1616604639
137,kitui,-1.367,38.0106,70.5,63,3.47,46,KE,1616604982
138,bethel,41.3712,-73.414,59.0,72,1.01,100,US,1616604984
139,barrow,71.2906,-156.7887,-11.2,70,9.22,75,US,1616604471
140,faanui,-16.4833,-151.75,82.87,74,22.37,68,PF,1616604482
141,mar del plata,-38.0023,-57.5575,75.2,73,6.91,20,AR,1616604587
142,red bank,40.3471,-74.0643,55.99,88,13.8,75,US,1616604988
143,simi,9.5667,-12.35,102.13,20,6.17,77,SL,1616604990
144,proletarskiy,50.7914,35.7731,33.8,69,15.66,0,RU,1616604991
145,mori,34.8333,137.9333,53.01,82,2.3,75,JP,1616604992
146,moose factory,51.2585,-80.6094,23.0,86,12.66,90,CA,1616604994
147,eenhana,-17.4667,16.3333,76.15,61,3.56,93,NA,1616604995
148,linqiong,30.4159,103.4609,63.0,72,1.81,20,CN,1616604996
149,wahpeton,46.2652,-96.6059,30.2,86,23.02,1,US,1616604998
150,longyearbyen,78.2186,15.6401,26.6,68,18.41,75,SJ,1616604999
151,rantepao,-2.9701,119.8978,67.39,97,2.37,100,ID,1616605000
152,hamada,34.8833,132.0833,57.0,20,3.02,100,JP,1616604901
153,pizarro,4.9533,-77.366,83.32,70,7.49,63,CO,1616605003
154,turochak,52.2576,87.1224,15.04,95,2.15,89,RU,1616605004
155,bathsheba,13.2167,-59.5167,80.6,54,24.16,40,BB,1616605006
156,fortuna,40.5982,-124.1573,48.0,100,6.42,75,US,1616604773
157,dikson,73.5069,80.5464,-5.84,98,4.74,87,RU,1616604519
158,awjilah,29.1081,21.2869,57.88,42,17.54,28,LY,1616605009
159,galich,58.3797,42.3475,33.13,97,7.14,100,RU,1616605011
160,lompoc,34.6391,-120.4579,55.99,66,8.05,20,US,1616604952
161,palmer,42.1584,-72.3287,62.01,51,1.01,100,US,1616605013
162,abu dhabi,24.4667,54.3667,80.6,78,9.22,0,AE,1616605014
163,sitges,41.2351,1.8119,61.0,78,4.0,0,ES,1616605016
164,jizan,17.3333,42.6667,87.8,45,9.22,0,SA,1616605017
165,ijui,-28.3878,-53.9147,87.84,49,3.18,17,BR,1616604802
166,caucaia,-3.7361,-38.6531,82.0,83,9.22,75,BR,1616604826
167,severo-kurilsk,50.6789,156.125,23.85,63,16.89,86,RU,1616605021
168,diego de almagro,-26.3667,-70.05,79.79,24,9.06,0,CL,1616605022
169,weligama,5.9667,80.4167,77.25,88,6.58,96,LK,1616605023
170,saint-augustin,51.226,-58.6502,32.83,98,4.12,84,CA,1616605025
171,egvekinot,66.3167,-179.1667,3.79,93,6.29,100,RU,1616605026
172,amahai,-3.3333,128.9167,78.33,82,3.67,100,ID,1616604737
173,ahipara,-35.1667,173.1667,56.05,88,4.43,0,NZ,1616605029
174,dwarka,22.2394,68.9678,79.23,62,14.61,0,IN,1616605030
175,shu,43.5983,73.7614,48.99,58,4.83,100,KZ,1616605031
176,krasnoselkup,65.7,82.4667,21.54,96,8.16,100,RU,1616605033
177,bertoua,4.5833,13.6833,73.02,86,1.86,96,CM,1616604788
178,butaritari,3.0707,172.7902,81.99,77,20.29,45,KI,1616604506
179,margate,51.3813,1.3862,53.01,65,4.0,100,GB,1616605036
180,killybegs,54.6333,-8.45,50.0,81,11.5,75,IE,1616605038
181,cienaga,11.007,-74.2476,91.0,62,6.91,40,CO,1616605039
182,haines junction,60.7522,-137.5108,5.0,72,2.3,100,CA,1616604531
183,danshui,22.7984,114.4672,73.0,79,2.59,0,CN,1616605041
184,kawalu,-7.3817,108.2082,73.67,96,2.35,100,ID,1616605043
185,tasiilaq,65.6145,-37.6368,10.4,67,9.22,40,GL,1616604466
186,kharp,66.8014,65.8081,11.41,96,4.03,100,RU,1616605045
187,komsomolskiy,40.4272,71.7189,59.0,41,4.61,70,UZ,1616605047
188,castro,-24.7911,-50.0119,81.93,49,5.91,99,BR,1616604458
189,alta floresta,-9.8756,-56.0861,75.2,90,1.83,100,BR,1616605049
190,oktyabrskiy,54.4815,53.471,31.53,84,3.65,100,RU,1616605051
191,verkhoyansk,67.5447,133.385,-25.78,99,0.67,98,RU,1616604840
192,nhulunbuy,-12.2333,136.7667,78.8,94,3.44,78,AU,1616605053
193,sompeta,18.9333,84.6,80.83,55,8.75,4,IN,1616605054
194,carrickfergus,54.7158,-5.8058,48.99,81,19.57,90,GB,1616605056
195,saint george,37.1041,-113.5841,54.0,40,4.61,1,US,1616605057
196,kodinsk,58.6881,99.1844,22.19,97,4.56,100,RU,1616605058
197,jalu,29.0331,21.5482,58.51,39,17.72,22,LY,1616605060
198,plouzane,48.3833,-4.6167,50.0,93,11.5,90,FR,1616605061
199,souillac,-20.5167,57.5167,78.8,89,3.44,40,MU,1616605062
200,anamur,36.0751,32.8369,57.2,47,18.41,75,TR,1616605064
201,esperance,-33.8667,121.9,53.6,87,4.61,15,AU,1616605065
202,gorontalo,0.5412,123.0595,75.02,94,3.04,100,ID,1616605066
203,talakan,50.3167,130.3667,13.6,92,3.62,12,RU,1616605068
204,nagato,34.3833,131.2,53.6,76,2.3,75,JP,1616605069
205,portland,45.5234,-122.6762,44.6,76,10.36,90,US,1616605016
206,san quintin,30.4833,-115.95,58.21,68,8.34,25,MX,1616604777
207,gladstone,-23.85,151.25,73.4,83,3.44,75,AU,1616605073
208,ambilobe,-13.2,49.05,76.59,90,0.89,12,MG,1616605074
209,ruteng,-8.6136,120.4721,62.73,94,0.6,54,ID,1616605075
210,pemberton,50.3164,-122.8027,44.01,100,2.35,90,CA,1616605077
211,nicoya,10.1483,-85.452,87.8,45,9.22,0,CR,1616605078
212,takaungu,-3.6837,39.8566,84.2,65,8.05,20,KE,1616605079
213,nouakchott,18.0858,-15.9785,77.0,57,18.41,9,MR,1616605081
214,contai,21.7786,87.7536,80.53,71,10.56,4,IN,1616605082
215,san luis potosi,22.5,-100.5,81.0,16,18.41,75,MX,1616605046
216,gat,31.61,34.7642,61.0,44,1.01,15,IL,1616605084
217,vardo,70.3705,31.1107,33.8,93,17.27,75,NO,1616605086
218,kapaa,22.0752,-159.319,71.6,78,6.64,75,US,1616604547
219,nouadhibou,20.931,-17.0347,69.8,73,18.41,0,MR,1616605088
220,vozhega,60.4725,40.2213,34.23,98,11.1,100,RU,1616605090
221,kahului,20.8947,-156.47,66.99,100,2.37,1,US,1616605091
222,young,-32.6833,-57.6333,78.01,74,4.0,30,UY,1616605092
223,trelew,-43.249,-65.3051,65.66,27,15.28,86,AR,1616605094
224,agudos,-22.4692,-48.9875,90.0,43,3.0,53,BR,1616605095
225,azuqueca de henares,40.5669,-3.2599,66.2,24,8.05,0,ES,1616605096
226,tooele,40.5308,-112.2983,39.2,70,3.44,1,US,1616604988
227,bin qirdan,33.1378,11.2197,60.73,40,8.1,5,TN,1616605099
228,svetlogorsk,52.6333,29.7333,30.11,75,6.04,2,BY,1616605100
229,luderitz,-26.6481,15.1594,68.94,75,11.48,1,NA,1616605101
230,zlobin,45.2924,14.6541,55.4,41,5.75,0,HR,1616605103
231,san patricio,28.017,-97.5169,78.8,83,11.5,90,US,1616604665
232,kijang,35.2442,129.2139,55.4,71,4.61,75,KR,1616605105
233,wajima,37.4,136.9,52.05,65,5.06,100,JP,1616605107
234,havre-saint-pierre,50.2334,-63.5986,44.6,36,11.5,20,CA,1616605071
235,saint-georges,12.0564,-61.7485,84.2,61,23.02,20,GD,1616605109
236,aksarka,66.5606,67.7975,15.17,94,8.25,99,RU,1616605110
237,cacu,-18.5567,-51.1308,93.88,28,8.19,64,BR,1616605112
238,khani,41.9563,42.9566,42.8,93,10.36,75,GE,1616604610
239,verin,41.9415,-7.4381,59.0,10,1.01,66,ES,1616605114
240,mahibadhoo,3.7833,72.9667,82.31,72,6.89,100,MV,1616604879
241,guerrero negro,27.9769,-114.0611,61.39,59,16.46,64,MX,1616604785
242,port blair,11.6667,92.75,82.2,77,5.39,88,IN,1616605118
243,neiafu,-18.65,-173.9833,77.0,100,5.75,75,TO,1616605119
244,kisber,47.5029,18.0367,46.4,53,16.11,0,HU,1616605120
245,chuy,-33.6971,-53.4616,76.93,53,9.82,0,UY,1616605122
246,bam,29.106,58.357,79.16,16,6.87,12,IR,1616605123
247,trinidad,-14.8333,-64.9,87.8,66,6.91,75,BO,1616605125
248,gallup,35.5281,-108.7426,33.8,80,9.22,90,US,1616605126
249,blackwater,-23.5833,148.8833,73.49,65,5.44,2,AU,1616605127
250,kazachinskoye,57.6953,93.2761,31.78,76,11.39,100,RU,1616605129
251,flinders,-34.5833,150.8552,69.01,70,5.99,15,AU,1616605130
252,hervey bay,-25.2986,152.8535,75.2,83,9.48,40,AU,1616605131
253,tobermory,45.2501,-81.6665,51.8,93,8.05,100,CA,1616605133
254,dandong,40.1292,124.3947,42.33,87,2.21,0,CN,1616605134
255,alice springs,-23.7,133.8833,66.2,88,6.8,11,AU,1616604985
256,lokoja,7.8024,6.743,94.77,37,6.51,96,NG,1616605136
257,stony plain,53.5334,-114.0021,39.2,65,3.44,90,CA,1616605027
258,kaspiyskiy,45.3929,47.3707,44.08,89,18.63,92,RU,1616605139
259,ilhabela,-23.7781,-45.3581,82.31,72,4.36,70,BR,1616605140
260,tuatapere,-46.1333,167.6833,46.99,95,3.0,8,NZ,1616605142
261,beringovskiy,63.05,179.3167,10.33,95,2.15,100,RU,1616605143
262,chakrata,30.7,77.85,44.1,61,7.49,29,IN,1616605144
263,aden,12.7794,45.0367,80.76,58,10.02,5,YE,1616605145
264,meadow lake,34.8014,-106.5436,37.0,80,27.63,90,US,1616605147
265,carballo,43.213,-8.691,57.2,58,8.05,0,ES,1616605148
266,gerede,40.8008,32.1969,20.97,96,7.72,100,TR,1616605149
267,maniitsoq,65.4167,-52.9,3.24,72,3.76,85,GL,1616605151
268,batagay,67.6333,134.6333,-26.7,100,1.52,95,RU,1616605152
269,gariaband,20.635,82.0614,79.75,22,2.59,37,IN,1616605153
270,sulmona,42.0479,13.9291,53.6,54,4.61,3,IT,1616605155
271,emerald,-23.5333,148.1667,75.2,69,6.91,5,AU,1616605156
272,vila franca do campo,37.7167,-25.4333,59.0,72,17.27,20,PT,1616604780
273,changtu,42.7788,124.0955,46.92,27,7.43,92,CN,1616605159
274,port hardy,50.6996,-127.4199,42.8,100,3.44,75,CA,1616605160
275,mujiayingzi,42.1167,118.7833,46.78,35,9.98,98,CN,1616605161
276,kupang,-10.1667,123.5833,77.76,88,3.89,99,ID,1616605163
277,thompson,55.7435,-97.8558,1.4,60,6.91,40,CA,1616605164
278,verkhnyaya inta,65.9811,60.3094,26.44,95,13.69,100,RU,1616605165
279,mackay,-21.15,149.2,77.0,94,5.75,75,AU,1616605167
280,caravelas,-17.7125,-39.2481,86.29,48,8.43,0,BR,1616605168
281,ust-ilimsk,58.0006,102.6619,11.88,96,4.56,90,RU,1616605170
282,griffith,41.5284,-87.4237,60.8,58,28.77,75,US,1616605171
283,henties bay,-22.116,14.2845,63.0,89,7.0,8,NA,1616604586
284,camopi,3.1655,-52.3158,81.75,79,4.25,68,GF,1616605173
285,lamu,-2.2717,40.902,82.4,78,5.75,1,KE,1616605175
286,nishihara,26.1842,127.7558,68.0,94,12.66,75,JP,1616605176
287,radhanpur,23.8333,71.6,82.36,16,7.99,0,IN,1616605177
288,mehamn,71.0357,27.8492,35.6,80,18.41,0,NO,1616605179
289,barra do garcas,-15.89,-52.2567,86.04,57,5.41,100,BR,1616605180
290,college,64.8569,-147.8028,12.0,79,2.35,90,US,1616605181
291,springbok,-29.6643,17.8865,76.44,41,4.27,45,ZA,1616605183
292,north bend,43.4065,-124.2243,43.0,100,6.91,90,US,1616605031
293,sambava,-14.2667,50.1667,79.79,79,0.38,9,MG,1616605185
294,samarai,-10.6167,150.6667,80.58,81,7.76,100,PG,1616605187
295,pangnirtung,66.1451,-65.7125,-25.6,62,2.3,20,CA,1616604603
296,batemans bay,-35.7167,150.1833,64.99,76,1.01,0,AU,1616605189
297,san jose,37.3394,-121.895,60.01,35,5.75,75,US,1616604497
298,tucuma,-0.1833,-50.05,75.38,87,6.38,100,BR,1616605192
299,olden,61.8364,6.8064,39.2,87,9.22,75,NO,1616605193
300,huzhou,30.8703,120.0933,55.0,76,2.24,0,CN,1616605194
301,zhangye,38.9342,100.4517,50.07,16,5.99,62,CN,1616605196
302,qasigiannguit,68.8193,-51.1922,-4.0,71,11.5,75,GL,1616605197
303,salalah,17.0151,54.0924,80.6,78,9.22,0,OM,1616605198
304,anadyr,64.75,177.4833,8.6,85,17.9,40,RU,1616605200
305,muriti,-1.9833,32.9167,78.8,65,4.61,20,TZ,1616605201
306,san juan,-31.5375,-68.5364,81.91,33,8.46,0,AR,1616605090
307,juazeiro,-9.4117,-40.4986,91.4,33,11.5,20,BR,1616605204
308,le port,-20.9373,55.2919,78.8,83,2.3,20,RE,1616605206
309,mackenzie,55.2999,-123.1698,26.6,80,4.61,90,CA,1616605208
310,huarmey,-10.0681,-78.1522,76.77,70,10.47,70,PE,1616604789
311,hami,42.8,93.45,51.94,34,7.96,100,CN,1616605210
312,heihe,50.2441,127.4902,32.0,55,6.71,20,CN,1616605212
313,alindao,5.0267,21.2088,79.3,59,3.04,33,CF,1616605213
314,tiarei,-17.5333,-149.3333,80.6,78,2.3,40,PF,1616605215
315,pangkalanbuun,-2.6833,111.6167,74.79,94,2.19,94,ID,1616605185
316,rawson,-43.3002,-65.1023,62.15,41,17.4,89,AR,1616605217
317,hambantota,6.1241,81.1185,81.07,76,13.56,92,LK,1616604754
318,kiruna,67.8557,20.2251,35.6,69,26.46,0,SE,1616604667
319,georgetown,5.4112,100.3354,80.01,94,1.14,20,MY,1616605221
320,ibra,22.6906,58.5334,75.15,41,7.85,0,OM,1616605222
321,presidencia roque saenz pena,-26.7852,-60.4388,91.0,56,3.0,23,AR,1616605223
322,nemuro,43.3236,145.575,35.11,93,8.05,99,JP,1616604788
323,nampula,-15.1165,39.2666,80.6,61,6.91,20,MZ,1616605226
324,syava,58.0146,46.3222,32.59,94,7.49,100,RU,1616605227
325,port lincoln,-34.7333,135.8667,59.13,75,8.48,5,AU,1616605228
326,kieta,-6.2167,155.6333,78.15,83,0.83,99,PG,1616605230
327,nurota,40.5614,65.6886,59.0,58,6.91,63,UZ,1616605231
328,mogadishu,2.0371,45.3438,79.81,72,15.41,0,SO,1616605232
329,san andres,12.5847,-81.7006,86.0,66,11.5,20,CO,1616605234
330,sao joao da barra,-21.6403,-41.0511,87.8,51,10.36,40,BR,1616605235
331,soe,-9.8607,124.284,66.4,95,2.04,96,ID,1616605236
332,svit,49.0601,20.2069,37.4,65,14.97,75,SK,1616605238
333,ngunguru,-35.6167,174.5,53.01,94,1.99,9,NZ,1616605239
334,magdiwang,12.491,122.5135,79.84,80,15.12,74,PH,1616605240
335,beloha,-25.1667,45.05,70.97,81,5.66,16,MG,1616605242
336,paamiut,61.994,-49.6678,16.18,57,11.34,37,GL,1616605243
337,praia da vitoria,38.7333,-27.0667,61.0,63,5.35,20,PT,1616605244
338,port macquarie,-31.4333,152.9167,62.01,99,1.99,0,AU,1616605246
339,zyryanka,65.75,150.85,-3.19,95,12.24,100,RU,1616605247
340,todos santos,23.45,-110.2167,63.0,69,5.99,64,MX,1616605248
341,san policarpo,12.1791,125.5072,79.52,83,13.15,96,PH,1616605250
342,lubango,-14.9172,13.4925,64.96,85,4.09,100,AO,1616605251
343,valverde del camino,37.5751,-6.7543,64.99,50,8.99,0,ES,1616605253
344,naze,28.3667,129.4833,61.18,92,10.36,100,JP,1616605254
345,benguela,-12.5763,13.4055,79.95,80,10.83,95,AO,1616605255
346,camacha,33.0833,-16.3333,64.4,72,14.97,40,PT,1616605257
347,veraval,20.9,70.3667,80.56,61,8.79,0,IN,1616605258
348,bonthe,7.5264,-12.505,83.14,65,11.86,79,SL,1616605259
349,beira,-19.8436,34.8389,80.6,69,10.36,20,MZ,1616605261
350,agadez,19.75,10.25,80.89,8,9.22,8,NE,1616605262
351,badou,7.5833,0.6,81.88,65,4.16,100,TG,1616605263
352,santa cruz,-17.8,-63.1667,82.4,74,14.97,75,BO,1616605265
353,zhaozhou,45.6833,125.3167,38.25,68,8.63,48,CN,1616605266
354,tigre,-34.426,-58.5796,80.6,61,10.36,40,AR,1616605267
355,matara,5.9485,80.5353,77.09,89,6.4,95,LK,1616605269
356,fuxin,42.0156,121.6589,48.63,25,9.75,14,CN,1616605270
357,panagar,23.3,79.9833,80.92,23,3.51,2,IN,1616605271
358,san vicente,-26.6167,-54.1333,89.96,35,4.47,48,AR,1616605273
359,belaya gora,68.5333,146.4167,-22.94,99,5.14,100,RU,1616605274
360,ende,-8.8432,121.6623,77.83,87,1.28,55,ID,1616605275
361,kirishi,59.4471,32.0205,44.01,14,10.67,57,RU,1616605277
362,lorengau,-2.0226,147.2712,81.18,77,5.32,100,PG,1616605278
363,gazli,40.1333,63.45,70.68,33,14.29,100,UZ,1616605279
364,barentu,15.1139,37.5928,91.65,10,11.01,5,ER,1616605281
365,cherskiy,68.75,161.3,-1.1,97,4.81,100,RU,1616605282
366,roald,62.5833,6.1333,39.2,87,24.16,75,NO,1616605283
367,chake chake,-5.2459,39.7666,80.91,71,7.02,25,TZ,1616605285
368,beroroha,-21.6667,45.1667,75.83,82,2.91,42,MG,1616605286
369,klaksvik,62.2266,-6.589,41.0,87,10.36,20,FO,1616605287
370,toora-khem,52.4675,96.11,27.86,77,13.71,100,RU,1616605289
371,kruisfontein,-34.0033,24.7314,70.0,75,4.0,100,ZA,1616605290
372,high rock,26.6208,-78.2833,78.8,61,8.05,20,BS,1616605291
373,talara,-4.5772,-81.2719,89.6,45,10.36,0,PE,1616605293
374,saint anthony,45.0205,-93.218,41.0,87,13.8,90,US,1616605294
375,tual,-5.6667,132.75,83.84,73,5.55,100,ID,1616605295
376,katsuura,35.1333,140.3,57.99,67,3.0,100,JP,1616605297
377,larsnes,62.2028,5.5773,42.01,75,8.05,75,NO,1616605298
378,bajos de haina,18.4154,-70.0332,86.0,66,6.91,75,DO,1616605299
379,tessalit,20.1986,1.0114,85.46,4,17.85,5,ML,1616605301
380,kasongo,-4.45,26.6667,71.67,87,2.01,82,CD,1616605302
381,pozo colorado,-23.4923,-58.7972,96.66,31,9.42,74,PY,1616605303
382,ovalle,-30.5983,-71.2003,78.44,38,6.02,0,CL,1616605305
383,birjand,32.8663,59.2211,66.2,15,6.17,0,IR,1616605306
384,muzhi,65.3667,64.6667,19.09,93,5.82,100,RU,1616605307
385,casma,-41.0082,-73.1244,59.0,51,11.5,20,CL,1616605309
386,arlit,18.7369,7.3853,95.95,5,12.01,93,NE,1616605310
387,kolo,52.2002,18.6387,42.01,83,3.83,100,PL,1616605311
388,fomboni,-12.28,43.7425,84.11,66,2.01,86,KM,1616605313
389,summerland,49.5998,-119.6691,44.01,52,6.91,100,CA,1616605207
390,isangel,-19.55,169.2667,73.58,76,6.42,89,VU,1616605315
391,hamilton,39.1834,-84.5333,68.0,56,17.27,75,US,1616605200
392,pitimbu,-7.4706,-34.8086,84.2,79,17.27,75,BR,1616605318
393,panama city,8.9936,-79.5197,91.0,58,4.61,20,PA,1616605073
394,antofagasta,-23.65,-70.4,75.0,60,11.5,0,CL,1616605038
395,pomoryany,49.6409,24.9307,31.55,69,5.82,26,UA,1616605321
396,morondava,-20.2833,44.2833,80.44,75,10.45,1,MG,1616605323
397,darhan,49.4867,105.9228,31.44,82,2.44,57,MN,1616605324
398,plettenberg bay,-34.0527,23.3716,68.22,83,17.76,100,ZA,1616605326
399,lukovetskiy,64.2956,41.9211,41.0,75,4.47,20,RU,1616605327
400,bontang,0.1333,117.5,78.13,87,8.21,100,ID,1616605328
401,bonavista,48.6499,-53.1147,57.2,30,5.75,91,CA,1616605171
402,coari,-4.085,-63.1414,74.1,93,2.62,100,BR,1616605262
403,thinadhoo,0.5333,72.9333,82.94,73,8.99,89,MV,1616605332
404,pedernales,18.0384,-71.744,83.3,55,7.11,0,DO,1616605333
405,uvira,-3.4067,29.1458,74.8,81,2.68,63,CD,1616605335
406,hualmay,-11.0964,-77.6139,76.32,69,9.71,95,PE,1616605336
407,raudeberg,61.9875,5.1352,42.01,85,26.22,100,NO,1616604783
408,kirakira,-10.4544,161.9205,78.58,83,3.27,56,SB,1616605338
409,port-gentil,-0.7193,8.7815,78.8,89,16.11,90,GA,1616605340
410,norwich,52.6278,1.2983,55.4,67,10.36,20,GB,1616605333
411,hoa binh,20.8133,105.3383,69.8,73,5.75,75,VN,1616605342
412,tabou,4.423,-7.3528,82.89,75,11.39,91,CI,1616605343
413,marsh harbour,26.5412,-77.0636,77.59,62,6.49,76,BS,1616605205
414,ashland,40.8167,-82.2665,66.99,55,17.27,90,US,1616605346
415,pisco,-13.7,-76.2167,73.4,64,6.91,0,PE,1616605347
416,vanavara,60.34,102.2797,5.99,96,3.83,100,RU,1616605349
417,puerto carreno,6.189,-67.4859,87.21,54,6.69,91,CO,1616605350
418,lavrentiya,65.5833,-171.0,9.9,98,6.33,92,RU,1616605351
419,dhaulpur,26.7,77.9,78.8,41,2.3,20,IN,1616605353
420,manati,18.4275,-66.4921,84.99,74,5.01,10,PR,1616605354
421,kenai,60.5544,-151.2583,26.6,74,11.5,20,US,1616605355
422,bacolod,10.6667,122.95,78.67,79,10.67,96,PH,1616605357
423,manta,-0.95,-80.7333,80.6,78,5.75,75,EC,1616605333
424,kampot,10.6167,104.1833,80.6,89,1.14,20,KH,1616605359
425,torbay,47.6666,-52.7314,55.4,35,20.71,75,CA,1616605193
426,ferrol,43.4832,-8.2369,57.2,58,8.05,0,ES,1616605362
427,wuda,39.4994,106.7117,50.27,28,10.63,61,CN,1616605363
428,la ronge,55.1001,-105.2842,17.6,73,12.66,100,CA,1616605364
429,merauke,-8.4667,140.3333,78.08,87,5.17,94,ID,1616605366
430,perevolotskiy,51.8763,54.1938,26.06,96,10.83,93,RU,1616605367
431,semey,50.4111,80.2275,24.84,85,7.85,84,KZ,1616605368
432,santiago del estero,-27.7951,-64.2615,88.66,42,12.8,91,AR,1616605230
433,minab,27.1467,57.0801,73.4,56,4.61,1,IR,1616605371
434,atlantic city,39.3643,-74.4229,57.2,88,10.36,90,US,1616605268
435,touros,-5.1989,-35.4608,86.0,66,13.8,40,BR,1616605373
436,mineiros,-17.5694,-52.5511,81.5,55,3.69,100,BR,1616605375
437,sulina,45.1559,29.6536,36.66,49,3.69,55,RO,1616605095
438,bilma,18.6853,12.9164,85.24,7,13.02,64,NE,1616605377
439,pathein,16.7833,94.7333,76.12,85,6.17,87,MM,1616605378
440,pathardi,19.1667,75.1833,88.07,21,6.2,63,IN,1616605380
441,nuuk,64.1835,-51.7216,8.6,66,11.5,75,GL,1616605161
442,malkangiri,18.35,81.9,84.47,26,0.85,35,IN,1616605382
443,prince rupert,54.3161,-130.3201,42.8,93,8.05,90,CA,1616605185
444,vila velha,-20.3297,-40.2925,89.01,62,9.22,20,BR,1616605385
445,shuyskoye,59.3736,41.0305,34.39,98,9.66,100,RU,1616605386
446,hasaki,35.7333,140.8333,52.0,93,8.05,75,JP,1616605387
447,de-kastri,51.4667,140.7833,16.86,79,5.86,4,RU,1616605389
448,penzance,50.1186,-5.5371,50.0,76,10.36,20,GB,1616605390
449,doha,25.2867,51.5333,81.0,65,10.36,0,QA,1616605217
450,hidrolandia,-4.4081,-40.4378,82.36,75,4.88,72,BR,1616605392
451,ahuimanu,21.4447,-157.8378,75.2,73,5.75,75,US,1616605394
452,ucluelet,48.9329,-125.5528,46.99,93,4.61,90,CA,1616605156
453,westport,41.1415,-73.3579,59.0,77,1.99,100,US,1616605354
454,matagami,49.7502,-77.6328,44.6,49,14.97,75,CA,1616605397
455,cockburn town,21.4612,-71.1419,80.6,69,11.5,40,TC,1616605399
456,cururupu,-1.8283,-44.8683,78.01,89,3.53,100,BR,1616605393
457,vila,42.0304,-8.1588,59.0,55,11.99,83,PT,1616605401
458,tiznit,29.5833,-9.5,76.01,14,13.62,0,MA,1616605402
459,laguna,38.421,-121.4238,55.0,37,1.66,1,US,1616605404
460,trelleborg,55.3751,13.1569,48.99,71,10.36,75,SE,1616605405
461,guiratinga,-16.3494,-53.7583,85.8,43,5.73,100,BR,1616605406
462,abrau-dyurso,44.69,37.59,37.4,75,8.95,75,RU,1616605408
463,namibe,-15.1961,12.1522,74.26,81,14.05,94,AO,1616605409
464,kushima,31.4583,131.2333,55.58,96,3.96,100,JP,1616605410
465,aksu,41.1231,80.2644,55.85,28,6.8,0,CN,1616605412
466,cidreira,-30.1811,-50.2056,76.06,70,9.57,53,BR,1616605413
467,puerto escondido,15.85,-97.0667,87.8,74,8.05,1,MX,1616605414
468,jinchang,38.4953,102.1739,47.77,18,7.76,71,CN,1616605416
469,udachnyy,66.4167,112.4,-18.29,99,4.21,88,RU,1616605417
470,mengcheng,33.2579,116.5655,52.68,77,6.42,88,CN,1616605418
471,quatre cocos,-20.2078,57.7625,80.01,89,3.44,40,MU,1616605420
472,hovd,48.0056,91.6419,34.3,29,8.12,0,MN,1616605421
473,eseka,3.65,10.7667,74.25,96,4.54,100,CM,1616605422
474,basoko,1.2391,23.616,76.1,82,4.88,74,CD,1616605424
475,crixas,-14.5489,-49.9692,86.92,52,7.2,76,BR,1616605425
476,roura,4.7263,-52.3274,87.8,58,13.8,23,GF,1616605426
477,vitry-le-francois,48.7333,4.5833,64.4,39,4.61,0,FR,1616605428
478,gibara,21.1097,-76.1317,87.8,45,6.91,40,CU,1616605429
479,redlands,34.0556,-117.1825,63.0,16,21.85,1,US,1616605430
480,leshukonskoye,64.8989,45.7622,33.8,98,9.64,100,RU,1616605432
481,nanortalik,60.1432,-45.2371,22.19,58,29.97,64,GL,1616605433
482,gejiu,23.306,103.1635,49.53,92,4.97,12,CN,1616605434
483,tingo maria,-9.2895,-76.0088,78.8,73,2.3,40,PE,1616605156
484,yakeshi,49.2833,120.7333,21.97,97,3.51,97,CN,1616605437
485,loa janan,-0.583,117.095,72.79,98,0.76,89,ID,1616605438
486,milkovo,54.7167,158.6167,8.35,74,8.25,13,RU,1616605440
487,mastic beach,40.7668,-72.8521,59.0,58,10.36,1,US,1616605441
488,guymon,36.6828,-101.4816,39.2,65,16.11,90,US,1616605442
489,hailun,47.45,126.9333,31.8,89,9.46,29,CN,1616605444
490,solnechnyy,50.7214,136.6319,14.94,76,4.52,1,RU,1616605445
491,kavaratti,10.5669,72.642,83.97,70,8.01,81,IN,1616605446
492,hokitika,-42.7167,170.9667,55.08,88,3.96,59,NZ,1616605448
493,najran,17.4924,44.1277,84.2,13,4.61,0,SA,1616605449
494,flin flon,54.7682,-101.865,8.6,56,6.91,90,CA,1616605205
495,andenes,69.3143,16.1194,37.99,93,29.93,90,NO,1616605452
496,cochrane,51.1834,-114.4687,42.8,33,16.11,90,CA,1616605205
497,mildura,-34.2,142.15,60.8,72,4.61,75,AU,1616605261
498,isoka,-10.1606,32.6335,63.86,97,3.42,99,ZM,1616605455
499,kutum,14.2,24.6667,86.68,10,8.72,6,SD,1616605457
500,parvatsar,26.8833,74.7667,73.31,20,8.37,0,IN,1616605458
501,boquira,-12.8231,-42.7306,94.01,21,5.77,2,BR,1616605459
502,dehui,44.5333,125.7,33.8,64,4.47,0,CN,1616605461
503,kaeo,-35.1,173.7833,53.01,94,3.0,3,NZ,1616605462
504,billings,45.7833,-108.5007,44.01,48,17.27,40,US,1616605463
505,kamenka,51.3223,42.7678,34.0,91,16.13,100,RU,1616605465
506,uruzgan,32.8333,66.0,58.42,27,1.79,53,AF,1616605466
507,waddan,29.1614,16.139,59.23,30,11.81,4,LY,1616605467
508,ekhabi,53.5102,142.9671,6.17,85,10.54,41,RU,1616605469
509,shubarkuduk,49.1447,56.4872,32.11,83,18.28,100,KZ,1616605470
510,platanos,37.6667,21.6167,53.6,43,14.97,20,GR,1616605471
511,bulgan,48.8125,103.5347,36.5,37,2.71,99,MN,1616605473
512,madingou,-4.1536,13.55,76.1,91,6.78,99,CG,1616605474
513,amapa,1.0,-52.0,73.36,97,5.55,100,BR,1616605475
514,arrifes,37.7667,-25.7,59.0,72,17.27,20,PT,1616605477
515,salina,38.8403,-97.6114,46.4,71,14.97,90,US,1616605478
516,tacoronte,28.4769,-16.4102,71.6,35,5.75,0,ES,1616605479
517,sobolevo,54.4299,31.8996,23.36,94,3.58,15,RU,1616605481
518,majene,-3.5403,118.9707,77.61,88,3.49,93,ID,1616605482
519,puerto madero,14.7208,-92.4215,87.8,55,4.61,75,MX,1616605483
520,visby,57.6409,18.296,46.0,70,12.66,75,SE,1616605485
521,paulo afonso,-9.4061,-38.2147,89.98,40,15.93,53,BR,1616605486
522,dubbo,-32.25,148.6167,59.0,88,4.61,75,AU,1616605487
523,terre-de-bas,15.8501,-61.6442,84.2,61,13.8,90,GP,1616605489
524,baghdad,33.3406,44.4009,73.4,31,5.75,90,IQ,1616605490
525,gizo,-8.103,156.8419,81.37,76,4.7,98,SB,1616605491
526,viedma,-40.8135,-62.9967,70.05,38,20.22,34,AR,1616605493
527,arman,59.7,150.1667,-6.93,95,7.54,77,RU,1616605494
528,the pas,53.8251,-101.2541,8.6,61,13.8,90,CA,1616605461
529,outjo,-20.1167,16.15,73.2,67,3.13,98,NA,1616605496
530,chatrapur,19.35,84.9833,78.82,67,9.66,5,IN,1616605498
531,vitim,59.4511,112.5578,-0.53,99,2.1,68,RU,1616605499
532,cortez,37.3489,-108.5859,33.8,93,3.44,90,US,1616605501
533,severo-yeniseyskiy,60.3725,93.0408,23.65,96,4.5,100,RU,1616605502
534,wadi maliz,36.4681,8.5495,60.8,41,9.22,40,TN,1616605503
535,bucerias,20.75,-105.3333,73.4,64,3.44,1,MX,1616605505
536,dunedin,-45.8742,170.5036,54.0,90,1.99,100,NZ,1616605506
537,velizh,55.6056,31.1967,27.77,94,3.89,39,RU,1616605507
538,aktash,50.3,87.7333,0.37,91,3.42,49,RU,1616605509
539,rapid city,44.0805,-103.231,42.01,56,8.05,40,US,1616605510
540,marrakesh,31.6315,-8.0083,78.8,19,6.91,20,MA,1616605454
